collocation,count
Economic Integration,9
Regional Integration,5
South American Integration,2
Latin American Integration,2
Full Integration,2
Competitive Integration,1
Integration Opens,1
Physical Integration,1
Gradual Integration,1
Growing Integration,2
Rapid Integration,1
Perfect Integration,1
Open Integration,1
We Consider Integration,1
Dynamic Integration,1
Real Integration,1
True Integration,1
Peaceful Integration,1
This Integration,1
Greater Integration,1
Integration Can,1
On Integration,1
